"from","to"
"Q3022082","Q6833839"
"Q3022141","Q75778"
"Q3022141","Q92735"
"Q3022141","Q92733"
"Q3022141","Q92739"
"Q3022141","Q218823"
"Q3022141","Q305177"
"Q3022141","Q335027"
"Q3022141","Q822778"
"Q3022141","Q16847797"
"Q3022141","Q298341"
"Q3022141","Q3992579"
"Q3022141","Q92767"
"Q3022141","Q18686107"
"Q3022141","Q2651957"
"Q3022141","Q2846695"
"Q3022141","Q92894"
"Q3022141","Q22278829"
"Q3022141","Q22826132"
"Q3022141","Q3571662"
"Q3022141","Q3572699"
"Q3022141","Q391237"
"Q3022141","Q204815"
"Q3022141","Q56037405"
"Q3022141","Q25189853"
"Q3022141","Q26703063"
"Q3022141","Q28018607"
"Q3022141","Q29043123"
"Q3022141","Q7173587"
"Q3022141","Q21712134"
"Q3022141","Q89620738"
"Q3022141","Q44749723"
"Q3022141","Q47030267"
"Q3022141","Q123130693"
"Q3022141","Q110864219"
"Q3022141","Q61904879"
"Q3022141","Q103335665"
"Q3022141","Q50495366"
"Q3022141","Q75738671"
"Q92686","Q93119"
"Q92686","Q7037360"
"Q92691","Q204815"
"Q92699","Q687346"
"Q92699","Q92896"
"Q92699","Q102229135"
"Q92699","Q62901"
"Q92716","Q92995"
"Q92723","Q7839361"
"Q3047095","Q7925676"
"Q3123640","Q92735"
"Q3123640","Q92739"
"Q3123640","Q6758241"
"Q3123640","Q204815"
"Q3123640","Q92824"
"Q3161201","Q29342367"
"Q7292644","Q6411178"
"Q7299101","Q64819738"
"Q7328227","Q92691"
"Q7328227","Q5814314"
"Q7328227","Q4815998"
"Q7328227","Q92739"
"Q7328227","Q92834"
"Q7328227","Q335027"
"Q7328227","Q770584"
"Q7328227","Q92981"
"Q7328227","Q93020"
"Q7328227","Q92769"
"Q7328227","Q6687391"
"Q7328227","Q92826"
"Q7328227","Q2469699"
"Q7328227","Q11590"
"Q7328833","Q92739"
"Q7328833","Q92894"
"Q7328833","Q3571662"
"Q7328833","Q3572699"
"Q7328833","Q4756294"
"Q7328833","Q204815"
"Q7328833","Q92823"
"Q7328833","Q92820"
"Q7328833","Q92824"
"Q7328833","Q57242868"
"Q7329766","Q7037360"
"Q7341095","Q92837"
"Q7341095","Q92890"
"Q7345241","Q6411178"
"Q75778","Q3022141"
"Q75778","Q92735"
"Q75778","Q92733"
"Q75778","Q92739"
"Q75778","Q335027"
"Q75778","Q822778"
"Q75778","Q16847797"
"Q75778","Q298341"
"Q75778","Q92767"
"Q75778","Q18686107"
"Q75778","Q2651957"
"Q75778","Q2846695"
"Q75778","Q92894"
"Q75778","Q22826132"
"Q75778","Q3571662"
"Q75778","Q3572699"
"Q75778","Q391237"
"Q75778","Q204815"
"Q75778","Q56037405"
"Q75778","Q25189853"
"Q75778","Q26703063"
"Q75778","Q28018607"
"Q75778","Q29043123"
"Q75778","Q21712134"
"Q75778","Q44749723"
"Q75778","Q47030267"
"Q75778","Q123130693"
"Q75778","Q110864219"
"Q75778","Q61904879"
"Q75778","Q50495366"
"Q75778","Q75738671"
"Q92646","Q15429043"
"Q5486203","Q92699"
"Q5486203","Q92896"
"Q5486203","Q62901"
"Q5490605","Q5981834"
"Q5490605","Q4706277"
"Q5524998","Q6759197"
"Q5696759","Q4865105"
"Q5814314","Q92691"
"Q5814314","Q7328227"
"Q5814314","Q4815998"
"Q5814314","Q92739"
"Q5814314","Q335027"
"Q5814314","Q770584"
"Q5814314","Q92981"
"Q5814314","Q92769"
"Q5814314","Q92778"
"Q5814314","Q6687391"
"Q5814314","Q204815"
"Q5814314","Q2469699"
"Q5814314","Q11590"
"Q5880225","Q6396777"
"Q5880225","Q92897"
"Q5880225","Q55902542"
"Q5934631","Q708003"
"Q5934631","Q704195"
"Q5934631","Q298341"
"Q5934631","Q4027185"
"Q5934631","Q380459"
"Q5981834","Q5490605"
"Q5981834","Q6135847"
"Q5981834","Q7879911"
"Q6015381","Q6758241"
"Q4806193","Q611080"
"Q4811519","Q16118"
"Q4815998","Q92691"
"Q4815998","Q7328227"
"Q4815998","Q5814314"
"Q4815998","Q92739"
"Q4815998","Q335027"
"Q4815998","Q770584"
"Q4815998","Q92981"
"Q4815998","Q92769"
"Q4815998","Q6687391"
"Q4815998","Q204815"
"Q4815998","Q2469699"
"Q4815998","Q11590"
"Q4829472","Q92916"
"Q4829472","Q983367"
"Q4829472","Q60177418"
"Q4865105","Q5696759"
"Q4865105","Q19879460"
"Q4865105","Q3656334"
"Q4865105","Q41803891"
"Q4888930","Q204815"
"Q4894234","Q967536"
"Q4894234","Q8074621"
"Q4894234","Q983367"
"Q4894234","Q26709023"
"Q4894234","Q29472893"
"Q4895807","Q204815"
"Q4895807","Q7037360"
"Q18719199","Q15994776"
"Q18719253","Q3308285"
"Q18719253","Q2846695"
"Q18719253","Q3017519"
"Q18719253","Q3656334"
"Q19286477","Q29359053"
"Q19364605","Q16118"
"Q19609665","Q2090838"
"Q7418633","Q6354986"
"Q7423979","Q92985"
"Q7451965","Q92735"
"Q7473569","Q4706277"
"Q7555839","Q3572699"
"Q7555839","Q92832"
"Q92729","Q5981834"
"Q92729","Q7879911"
"Q92735","Q3022141"
"Q92735","Q75778"
"Q92735","Q7451965"
"Q92735","Q92733"
"Q92735","Q92739"
"Q92735","Q335027"
"Q92735","Q822778"
"Q92735","Q16847797"
"Q92735","Q92767"
"Q92735","Q18686107"
"Q92735","Q2651957"
"Q92735","Q2846695"
"Q92735","Q92894"
"Q92735","Q22826132"
"Q92735","Q3571662"
"Q92735","Q3572699"
"Q92735","Q391237"
"Q92735","Q6758241"
"Q92735","Q204815"
"Q92735","Q56037405"
"Q92735","Q25189853"
"Q92735","Q26703063"
"Q92735","Q28018607"
"Q92735","Q29043123"
"Q92735","Q21712134"
"Q92735","Q29918552"
"Q92735","Q44749723"
"Q92735","Q47030267"
"Q92735","Q123130693"
"Q92735","Q110864219"
"Q92735","Q61904879"
"Q92735","Q50495366"
"Q92735","Q75738671"
"Q92733","Q3022141"
"Q92733","Q75778"
"Q92733","Q92735"
"Q92733","Q92739"
"Q92733","Q335027"
"Q92733","Q822778"
"Q92733","Q16847797"
"Q92733","Q92767"
"Q92733","Q18686107"
"Q92733","Q2651957"
"Q92733","Q2846695"
"Q92733","Q92894"
"Q92733","Q22826132"
"Q92733","Q3571662"
"Q92733","Q3572699"
"Q92733","Q391237"
"Q92733","Q204815"
"Q92733","Q56037405"
"Q92733","Q25189853"
"Q92733","Q26703063"
"Q92733","Q28018607"
"Q92733","Q29043123"
"Q92733","Q21712134"
"Q92733","Q44749723"
"Q92733","Q47030267"
"Q92733","Q123130693"
"Q92733","Q110864219"
"Q92733","Q61904879"
"Q92733","Q50495366"
"Q92733","Q75738671"
"Q92739","Q3022141"
"Q92739","Q92691"
"Q92739","Q7328227"
"Q92739","Q7328833"
"Q92739","Q75778"
"Q92739","Q5814314"
"Q92739","Q4815998"
"Q92739","Q92735"
"Q92739","Q92733"
"Q92739","Q218823"
"Q92739","Q3266022"
"Q92739","Q335027"
"Q92739","Q708003"
"Q92739","Q770584"
"Q92739","Q822778"
"Q92739","Q16847797"
"Q92739","Q92981"
"Q92739","Q295012"
"Q92739","Q3929838"
"Q92739","Q92767"
"Q92739","Q92769"
"Q92739","Q18686107"
"Q92739","Q2651957"
"Q92739","Q2846695"
"Q92739","Q92894"
"Q92739","Q22826132"
"Q92739","Q3571662"
"Q92739","Q3572699"
"Q92739","Q391237"
"Q92739","Q4756294"
"Q92739","Q6687391"
"Q92739","Q204815"
"Q92739","Q92823"
"Q92739","Q92820"
"Q92739","Q92824"
"Q92739","Q56037405"
"Q92739","Q971585"
"Q92739","Q25189853"
"Q92739","Q26703063"
"Q92739","Q28018607"
"Q92739","Q2469699"
"Q92739","Q29043123"
"Q92739","Q7129217"
"Q92739","Q21712134"
"Q92739","Q44749723"
"Q92739","Q47030267"
"Q92739","Q123130693"
"Q92739","Q110864219"
"Q92739","Q61904879"
"Q92739","Q50495366"
"Q92739","Q10959"
"Q92739","Q11590"
"Q92739","Q75738671"
"Q17517256","Q770584"
"Q17517256","Q92981"
"Q17517312","Q6203258"
"Q17517312","Q18686107"
"Q17517312","Q52555649"
"Q18209599","Q2090838"
"Q18213918","Q3442370"
"Q18631746","Q295012"
"Q18631746","Q2651957"
"Q18631746","Q204815"
"Q6298326","Q5394208"
"Q6308043","Q29018611"
"Q6354986","Q7418633"
"Q6354986","Q92798"
"Q6354986","Q7174866"
"Q218823","Q3022141"
"Q218823","Q92739"
"Q218823","Q305177"
"Q218823","Q18686107"
"Q218823","Q380459"
"Q218823","Q92823"
"Q218823","Q103335665"
"Q6133578","Q19879460"
"Q6133578","Q5006808"
"Q6135847","Q5407117"
"Q6135847","Q7032634"
"Q6135847","Q7099202"
"Q6137041","Q92820"
"Q6137041","Q31557810"
"Q6173703","Q3022141"
"Q6173703","Q59753117"
"Q6173703","Q44741969"
"Q6173703","Q50346871"
"Q4097133","Q92739"
"Q4097133","Q710266"
"Q4143497","Q63436647"
"Q92834","Q93020"
"Q92834","Q7364451"
"Q92834","Q204815"
"Q92834","Q7803487"
"Q92844","Q3992579"
"Q92844","Q5386619"
"Q92862","Q704195"
"Q92862","Q298341"
"Q92862","Q76448707"
"Q3266022","Q92739"
"Q3266022","Q204815"
"Q3308285","Q18719253"
"Q3308285","Q16591761"
"Q3308285","Q2846695"
"Q3308285","Q3017519"
"Q3308285","Q3572699"
"Q3308285","Q6531057"
"Q3308285","Q8074621"
"Q3308285","Q60191593"
"Q3308285","Q30594367"
"Q3311842","Q611080"
"Q3348133","Q92809"
"Q3442370","Q18213918"
"Q3497144","Q822778"
"Q3497144","Q4470008"
"Q3497144","Q14918223"
"Q3497144","Q24698708"
"Q305177","Q3022141"
"Q305177","Q218823"
"Q305177","Q18686107"
"Q305177","Q92894"
"Q305177","Q3571662"
"Q305177","Q3572699"
"Q305177","Q391237"
"Q305177","Q103335665"
"Q335027","Q3022141"
"Q335027","Q92691"
"Q335027","Q7328227"
"Q335027","Q75778"
"Q335027","Q5814314"
"Q335027","Q4815998"
"Q335027","Q92735"
"Q335027","Q92733"
"Q335027","Q92739"
"Q335027","Q770584"
"Q335027","Q822778"
"Q335027","Q16847797"
"Q335027","Q92981"
"Q335027","Q92767"
"Q335027","Q92769"
"Q335027","Q18686107"
"Q335027","Q2651957"
"Q335027","Q2846695"
"Q335027","Q92894"
"Q335027","Q22826132"
"Q335027","Q3571662"
"Q335027","Q3572699"
"Q335027","Q391237"
"Q335027","Q6687391"
"Q335027","Q204815"
"Q335027","Q92826"
"Q335027","Q56037405"
"Q335027","Q25189853"
"Q335027","Q26703063"
"Q335027","Q28018607"
"Q335027","Q2469699"
"Q335027","Q29043123"
"Q335027","Q21712134"
"Q335027","Q44749723"
"Q335027","Q47030267"
"Q335027","Q123130693"
"Q335027","Q110864219"
"Q335027","Q61904879"
"Q335027","Q50495366"
"Q335027","Q11590"
"Q335027","Q75738671"
"Q6181501","Q79083553"
"Q6203258","Q17517312"
"Q6203258","Q18686107"
"Q6203258","Q56580712"
"Q6203258","Q52555649"
"Q6243668","Q4027185"
"Q6265139","Q92767"
"Q6283747","Q7039821"
"Q6283747","Q11755"
"Q6288679","Q7360779"
"Q6288679","Q12406466"
"Q708003","Q5934631"
"Q708003","Q92739"
"Q708003","Q92890"
"Q708003","Q704195"
"Q708003","Q298341"
"Q708003","Q4027185"
"Q708003","Q380459"
"Q710266","Q92739"
"Q710266","Q92823"
"Q711172","Q17517256"
"Q711172","Q310798"
"Q711172","Q15995108"
"Q711172","Q380459"
"Q711172","Q6759197"
"Q711172","Q15429043"
"Q711172","Q5307654"
"Q711172","Q16118"
"Q711172","Q10959"
"Q711172","Q51781"
"Q770584","Q92691"
"Q770584","Q7328227"
"Q770584","Q5814314"
"Q770584","Q4815998"
"Q770584","Q92739"
"Q770584","Q335027"
"Q770584","Q92981"
"Q770584","Q92769"
"Q770584","Q6687391"
"Q770584","Q2469699"
"Q770584","Q11590"
"Q822778","Q3022141"
"Q822778","Q75778"
"Q822778","Q92735"
"Q822778","Q92733"
"Q822778","Q92739"
"Q822778","Q335027"
"Q822778","Q16847797"
"Q822778","Q92767"
"Q822778","Q18686107"
"Q822778","Q2651957"
"Q822778","Q2846695"
"Q822778","Q92894"
"Q822778","Q22826132"
"Q822778","Q3571662"
"Q822778","Q3572699"
"Q822778","Q391237"
"Q822778","Q204815"
"Q822778","Q56037405"
"Q822778","Q25189853"
"Q822778","Q26703063"
"Q822778","Q28018607"
"Q822778","Q29043123"
"Q822778","Q21712134"
"Q822778","Q44749723"
"Q822778","Q47030267"
"Q822778","Q123130693"
"Q822778","Q110864219"
"Q822778","Q61904879"
"Q822778","Q50495366"
"Q822778","Q75738671"
"Q967536","Q4894234"
"Q967536","Q93119"
"Q967536","Q8074621"
"Q967536","Q29472893"
"Q16591761","Q11755"
"Q16728975","Q19971558"
"Q16729246","Q92809"
"Q16847797","Q3022141"
"Q16847797","Q75778"
"Q16847797","Q92735"
"Q16847797","Q92733"
"Q16847797","Q92739"
"Q16847797","Q335027"
"Q16847797","Q822778"
"Q16847797","Q92767"
"Q16847797","Q18686107"
"Q16847797","Q2651957"
"Q16847797","Q2846695"
"Q16847797","Q92894"
"Q16847797","Q22826132"
"Q16847797","Q3571662"
"Q16847797","Q3572699"
"Q16847797","Q391237"
"Q16847797","Q204815"
"Q16847797","Q56037405"
"Q16847797","Q25189853"
"Q16847797","Q26703063"
"Q16847797","Q28018607"
"Q16847797","Q29043123"
"Q16847797","Q21712134"
"Q16847797","Q44749723"
"Q16847797","Q47030267"
"Q16847797","Q123130693"
"Q16847797","Q110864219"
"Q16847797","Q61904879"
"Q16847797","Q50495366"
"Q16847797","Q75738671"
"Q17490540","Q204815"
"Q92968","Q344775"
"Q92981","Q92691"
"Q92981","Q7328227"
"Q92981","Q5814314"
"Q92981","Q4815998"
"Q92981","Q92739"
"Q92981","Q17517256"
"Q92981","Q335027"
"Q92981","Q770584"
"Q92981","Q6387625"
"Q92981","Q92769"
"Q92981","Q6687391"
"Q92981","Q204815"
"Q92981","Q92826"
"Q92981","Q5230499"
"Q92981","Q5307228"
"Q92981","Q2469699"
"Q92981","Q11590"
"Q92995","Q92716"
"Q92993","Q22955714"
"Q687346","Q92699"
"Q687346","Q92896"
"Q687346","Q62901"
"Q699605","Q92820"
"Q699605","Q14918223"
"Q704195","Q5934631"
"Q704195","Q708003"
"Q704195","Q224372"
"Q704195","Q298341"
"Q704195","Q4027185"
"Q704195","Q7362250"
"Q704195","Q92894"
"Q704195","Q22278829"
"Q704195","Q3572699"
"Q704195","Q3656334"
"Q704195","Q380459"
"Q704195","Q92832"
"Q704195","Q7613510"
"Q704195","Q21712134"
"Q704195","Q123130693"
"Q704195","Q126287505"
"Q704195","Q103335665"
"Q704195","Q136721135"
"Q704195","Q64769299"
"Q704195","Q75738671"
"Q224372","Q20740606"
"Q224372","Q93119"
"Q295012","Q214119"
"Q295012","Q3348133"
"Q295012","Q4760523"
"Q295012","Q204815"
"Q298341","Q75778"
"Q298341","Q5934631"
"Q298341","Q6173703"
"Q298341","Q92862"
"Q298341","Q708003"
"Q298341","Q704195"
"Q298341","Q4027185"
"Q298341","Q380459"
"Q298341","Q204815"
"Q298341","Q92809"
"Q298341","Q5213816"
"Q298341","Q59753117"
"Q19664665","Q6504172"
"Q19664665","Q1905174"
"Q19664665","Q7039821"
"Q19664665","Q11755"
"Q19664665","Q50407565"
"Q19879460","Q6133578"
"Q19879460","Q5006808"
"Q19971558","Q3022141"
"Q19971558","Q6173703"
"Q19971558","Q298341"
"Q19971558","Q18686107"
"Q19971558","Q2846695"
"Q19971558","Q92894"
"Q19971558","Q3571662"
"Q19971558","Q3572699"
"Q19971558","Q3656334"
"Q19971558","Q92809"
"Q20111482","Q15995108"
"Q20111482","Q35853235"
"Q20161230","Q92824"
"Q20675791","Q3656334"
"Q3709938","Q967536"
"Q3929838","Q92739"
"Q3929838","Q92823"
"Q3929838","Q559334"
"Q3992579","Q3022141"
"Q3992579","Q92844"
"Q4027185","Q5934631"
"Q4027185","Q708003"
"Q4027185","Q704195"
"Q4027185","Q298341"
"Q4027185","Q3571662"
"Q4027185","Q380459"
"Q93020","Q92834"
"Q93020","Q204815"
"Q93020","Q92809"
"Q93119","Q92686"
"Q93119","Q967536"
"Q93119","Q224372"
"Q93119","Q15994776"
"Q93119","Q4756371"
"Q93119","Q7610052"
"Q93119","Q124748105"
"Q15994542","Q64415919"
"Q15994741","Q3541702"
"Q15994776","Q93119"
"Q15994776","Q41803891"
"Q15995094","Q3656334"
"Q15995094","Q11755"
"Q15995108","Q17517256"
"Q15995108","Q711172"
"Q15995108","Q19971558"
"Q15995108","Q20111482"
"Q15995108","Q380459"
"Q15995108","Q6759197"
"Q15995108","Q15429043"
"Q15995108","Q16118"
"Q15995108","Q10959"
"Q15995108","Q51781"
"Q15995373","Q2090838"
"Q6375450","Q55433882"
"Q6387625","Q92981"
"Q6387625","Q60735386"
"Q6396777","Q8054210"
"Q6411178","Q92767"
"Q6438346","Q14948899"
"Q6504172","Q19664665"
"Q6504172","Q611080"
"Q6504172","Q1905174"
"Q6504172","Q7039821"
"Q6504172","Q11755"
"Q6504172","Q50407565"
"Q6504196","Q28008591"
"Q6504196","Q5230969"
"Q92759","Q56037405"
"Q92767","Q3022141"
"Q92767","Q75778"
"Q92767","Q92735"
"Q92767","Q92733"
"Q92767","Q92739"
"Q92767","Q335027"
"Q92767","Q6265139"
"Q92767","Q822778"
"Q92767","Q16847797"
"Q92767","Q6411178"
"Q92767","Q18686107"
"Q92767","Q2651957"
"Q92767","Q2846695"
"Q92767","Q92894"
"Q92767","Q22826132"
"Q92767","Q3571662"
"Q92767","Q3572699"
"Q92767","Q391237"
"Q92767","Q204815"
"Q92767","Q56037405"
"Q92767","Q25189853"
"Q92767","Q26703063"
"Q92767","Q28018607"
"Q92767","Q29043123"
"Q92767","Q21712134"
"Q92767","Q44749723"
"Q92767","Q47030267"
"Q92767","Q123130693"
"Q92767","Q110864219"
"Q92767","Q61904879"
"Q92767","Q50495366"
"Q92767","Q75738671"
"Q92769","Q92691"
"Q92769","Q7328227"
"Q92769","Q5814314"
"Q92769","Q4815998"
"Q92769","Q92739"
"Q92769","Q335027"
"Q92769","Q770584"
"Q92769","Q92981"
"Q92769","Q93020"
"Q92769","Q92894"
"Q92769","Q6687391"
"Q92769","Q6835415"
"Q92769","Q1176469"
"Q92769","Q2469699"
"Q92769","Q11590"
"Q92798","Q92646"
"Q92798","Q6354986"
"Q18632706","Q5389678"
"Q18686107","Q3022141"
"Q18686107","Q75778"
"Q18686107","Q92735"
"Q18686107","Q92733"
"Q18686107","Q92739"
"Q18686107","Q17517312"
"Q18686107","Q218823"
"Q18686107","Q305177"
"Q18686107","Q335027"
"Q18686107","Q822778"
"Q18686107","Q16847797"
"Q18686107","Q19971558"
"Q18686107","Q92767"
"Q18686107","Q2651957"
"Q18686107","Q2846695"
"Q18686107","Q92894"
"Q18686107","Q22826132"
"Q18686107","Q3571662"
"Q18686107","Q3572699"
"Q18686107","Q391237"
"Q18686107","Q204815"
"Q18686107","Q56037405"
"Q18686107","Q25189853"
"Q18686107","Q26703063"
"Q18686107","Q28018607"
"Q18686107","Q59753117"
"Q18686107","Q29043123"
"Q18686107","Q21712134"
"Q18686107","Q44749723"
"Q18686107","Q47030267"
"Q18686107","Q123130693"
"Q18686107","Q110864219"
"Q18686107","Q61904879"
"Q18686107","Q103335665"
"Q18686107","Q50495366"
"Q18686107","Q75738671"
"Q18686107","Q76434485"
"Q18719196","Q7184678"
"Q18719196","Q3497144"
"Q18719196","Q3017519"
"Q18719196","Q4757923"
"Q2651957","Q3022141"
"Q2651957","Q75778"
"Q2651957","Q92735"
"Q2651957","Q92733"
"Q2651957","Q92739"
"Q2651957","Q335027"
"Q2651957","Q822778"
"Q2651957","Q16847797"
"Q2651957","Q92767"
"Q2651957","Q92778"
"Q2651957","Q18686107"
"Q2651957","Q2846695"
"Q2651957","Q92894"
"Q2651957","Q22826132"
"Q2651957","Q3571662"
"Q2651957","Q3572699"
"Q2651957","Q391237"
"Q2651957","Q204815"
"Q2651957","Q56037405"
"Q2651957","Q25189853"
"Q2651957","Q26703063"
"Q2651957","Q28018607"
"Q2651957","Q29043123"
"Q2651957","Q21712134"
"Q2651957","Q44749723"
"Q2651957","Q47030267"
"Q2651957","Q123130693"
"Q2651957","Q110864219"
"Q2651957","Q61904879"
"Q2651957","Q50495366"
"Q2651957","Q75738671"
"Q2846695","Q3022141"
"Q2846695","Q75778"
"Q2846695","Q92735"
"Q2846695","Q92733"
"Q2846695","Q92739"
"Q2846695","Q6173703"
"Q2846695","Q3308285"
"Q2846695","Q335027"
"Q2846695","Q822778"
"Q2846695","Q16847797"
"Q2846695","Q19971558"
"Q2846695","Q92767"
"Q2846695","Q18686107"
"Q2846695","Q2651957"
"Q2846695","Q3017519"
"Q2846695","Q92894"
"Q2846695","Q22826132"
"Q2846695","Q3571662"
"Q2846695","Q3572699"
"Q2846695","Q391237"
"Q2846695","Q204815"
"Q2846695","Q92832"
"Q2846695","Q33374357"
"Q2846695","Q56037405"
"Q2846695","Q24141782"
"Q2846695","Q25189853"
"Q2846695","Q26703063"
"Q2846695","Q28018607"
"Q2846695","Q29043123"
"Q2846695","Q21712134"
"Q2846695","Q43387575"
"Q2846695","Q44749723"
"Q2846695","Q47030267"
"Q2846695","Q123130693"
"Q2846695","Q110864219"
"Q2846695","Q61904879"
"Q2846695","Q11755"
"Q2846695","Q50495366"
"Q2846695","Q62901"
"Q2846695","Q75738671"
"Q3017519","Q3308285"
"Q3017519","Q2846695"
"Q7346644","Q11757"
"Q7360779","Q6288679"
"Q7362250","Q704195"
"Q7362250","Q92894"
"Q7362250","Q22278829"
"Q7362250","Q3572699"
"Q7362250","Q3656334"
"Q7362250","Q7613510"
"Q7362250","Q21712134"
"Q7362250","Q123130693"
"Q7362250","Q126287505"
"Q7362250","Q103335665"
"Q7362250","Q136721135"
"Q7362250","Q64769299"
"Q7362250","Q75738671"
"Q7362250","Q76448707"
"Q7364966","Q5696759"
"Q7369266","Q92834"
"Q7369266","Q7610052"
"Q92894","Q3022141"
"Q92894","Q7328833"
"Q92894","Q75778"
"Q92894","Q92735"
"Q92894","Q92733"
"Q92894","Q92739"
"Q92894","Q305177"
"Q92894","Q335027"
"Q92894","Q822778"
"Q92894","Q16847797"
"Q92894","Q704195"
"Q92894","Q92767"
"Q92894","Q18686107"
"Q92894","Q2651957"
"Q92894","Q2846695"
"Q92894","Q7362250"
"Q92894","Q22278829"
"Q92894","Q22826132"
"Q92894","Q3571662"
"Q92894","Q3572699"
"Q92894","Q3656334"
"Q92894","Q391237"
"Q92894","Q4756294"
"Q92894","Q204815"
"Q92894","Q8074621"
"Q92894","Q92823"
"Q92894","Q92820"
"Q92894","Q92824"
"Q92894","Q56037405"
"Q92894","Q28016131"
"Q92894","Q7613510"
"Q92894","Q25189853"
"Q92894","Q26702597"
"Q92894","Q26703063"
"Q92894","Q28018607"
"Q92894","Q29043123"
"Q92894","Q7173587"
"Q92894","Q21712134"
"Q92894","Q89620738"
"Q92894","Q30278133"
"Q92894","Q44585452"
"Q92894","Q44749723"
"Q92894","Q47030267"
"Q92894","Q123130693"
"Q92894","Q110864219"
"Q92894","Q126287505"
"Q92894","Q61904879"
"Q92894","Q103335665"
"Q92894","Q50495366"
"Q92894","Q136721135"
"Q92894","Q64769299"
"Q92894","Q75738671"
"Q22278829","Q3022141"
"Q22278829","Q16847797"
"Q22278829","Q704195"
"Q22278829","Q4027185"
"Q22278829","Q7362250"
"Q22278829","Q92894"
"Q22278829","Q3572699"
"Q22278829","Q3656334"
"Q22278829","Q6758241"
"Q22278829","Q7613510"
"Q22278829","Q21712134"
"Q22278829","Q123130693"
"Q22278829","Q126287505"
"Q22278829","Q103335665"
"Q22278829","Q136721135"
"Q22278829","Q64769299"
"Q22278829","Q75738671"
"Q22826132","Q3022141"
"Q22826132","Q75778"
"Q22826132","Q92735"
"Q22826132","Q92733"
"Q22826132","Q92739"
"Q22826132","Q335027"
"Q22826132","Q822778"
"Q22826132","Q16847797"
"Q22826132","Q92767"
"Q22826132","Q18686107"
"Q22826132","Q2651957"
"Q22826132","Q2846695"
"Q22826132","Q92894"
"Q22826132","Q3571662"
"Q22826132","Q3572699"
"Q22826132","Q391237"
"Q22826132","Q204815"
"Q22826132","Q56037405"
"Q22826132","Q5213816"
"Q22826132","Q25189853"
"Q22826132","Q26703063"
"Q22826132","Q28018607"
"Q22826132","Q2427296"
"Q22826132","Q29043123"
"Q22826132","Q21712134"
"Q22826132","Q44749723"
"Q22826132","Q47030267"
"Q22826132","Q123130693"
"Q22826132","Q110864219"
"Q22826132","Q61904879"
"Q22826132","Q50495366"
"Q22826132","Q63699901"
"Q22826132","Q75738671"
"Q22955714","Q92993"
"Q3571662","Q3022141"
"Q3571662","Q7328833"
"Q3571662","Q75778"
"Q3571662","Q92735"
"Q3571662","Q92733"
"Q3571662","Q92739"
"Q3571662","Q305177"
"Q3571662","Q335027"
"Q3571662","Q822778"
"Q3571662","Q16847797"
"Q3571662","Q92767"
"Q3571662","Q18686107"
"Q3571662","Q2651957"
"Q3571662","Q2846695"
"Q3571662","Q92894"
"Q3571662","Q22826132"
"Q3571662","Q3572699"
"Q3571662","Q391237"
"Q3571662","Q4756294"
"Q3571662","Q6711047"
"Q3571662","Q204815"
"Q3571662","Q92823"
"Q3571662","Q92820"
"Q3571662","Q92824"
"Q3571662","Q56037405"
"Q3571662","Q983367"
"Q3571662","Q25189853"
"Q3571662","Q26703063"
"Q3571662","Q28018607"
"Q3571662","Q29043123"
"Q3571662","Q21712134"
"Q3571662","Q44749723"
"Q3571662","Q47030267"
"Q3571662","Q123130693"
"Q3571662","Q110864219"
"Q3571662","Q61904879"
"Q3571662","Q50495366"
"Q3571662","Q75738671"
"Q3572699","Q3022141"
"Q3572699","Q7328833"
"Q3572699","Q75778"
"Q3572699","Q92735"
"Q3572699","Q92733"
"Q3572699","Q92739"
"Q3572699","Q3308285"
"Q3572699","Q3348133"
"Q3572699","Q305177"
"Q3572699","Q335027"
"Q3572699","Q822778"
"Q3572699","Q16847797"
"Q3572699","Q704195"
"Q3572699","Q19971558"
"Q3572699","Q92767"
"Q3572699","Q18686107"
"Q3572699","Q2651957"
"Q3572699","Q2846695"
"Q3572699","Q7362250"
"Q3572699","Q92894"
"Q3572699","Q22278829"
"Q3572699","Q22826132"
"Q3572699","Q3571662"
"Q3572699","Q3656334"
"Q3572699","Q391237"
"Q3572699","Q4756294"
"Q3572699","Q204815"
"Q3572699","Q92823"
"Q3572699","Q92820"
"Q3572699","Q92824"
"Q3572699","Q56037405"
"Q3572699","Q7613510"
"Q3572699","Q25189853"
"Q3572699","Q26703063"
"Q3572699","Q28018607"
"Q3572699","Q29043123"
"Q3572699","Q21712134"
"Q3572699","Q44749723"
"Q3572699","Q47030267"
"Q3572699","Q123130693"
"Q3572699","Q110864219"
"Q3572699","Q126287505"
"Q3572699","Q126287512"
"Q3572699","Q61904879"
"Q3572699","Q103335665"
"Q3572699","Q50495366"
"Q3572699","Q136721135"
"Q3572699","Q64769299"
"Q3572699","Q75738671"
"Q3656334","Q5696759"
"Q3656334","Q4865105"
"Q3656334","Q18719253"
"Q3656334","Q6283747"
"Q3656334","Q704195"
"Q3656334","Q20675791"
"Q3656334","Q15994398"
"Q3656334","Q15995094"
"Q3656334","Q7362250"
"Q3656334","Q92894"
"Q3656334","Q22278829"
"Q3656334","Q3572699"
"Q3656334","Q92832"
"Q3656334","Q33374357"
"Q3656334","Q7613510"
"Q3656334","Q7039821"
"Q3656334","Q21712134"
"Q3656334","Q123130693"
"Q3656334","Q126287505"
"Q3656334","Q103335665"
"Q3656334","Q11755"
"Q3656334","Q16118"
"Q3656334","Q136721135"
"Q3656334","Q64769299"
"Q3656334","Q75738671"
"Q344775","Q92739"
"Q344775","Q93119"
"Q380459","Q17517256"
"Q380459","Q92837"
"Q380459","Q711172"
"Q380459","Q298341"
"Q380459","Q15995108"
"Q380459","Q92778"
"Q380459","Q6759197"
"Q380459","Q12406466"
"Q380459","Q15429043"
"Q380459","Q5307654"
"Q380459","Q16118"
"Q380459","Q10959"
"Q380459","Q51781"
"Q391237","Q3022141"
"Q391237","Q75778"
"Q391237","Q92735"
"Q391237","Q92733"
"Q391237","Q92739"
"Q391237","Q305177"
"Q391237","Q335027"
"Q391237","Q822778"
"Q391237","Q16847797"
"Q391237","Q92767"
"Q391237","Q18686107"
"Q391237","Q2651957"
"Q391237","Q2846695"
"Q391237","Q92894"
"Q391237","Q22826132"
"Q391237","Q3571662"
"Q391237","Q3572699"
"Q391237","Q3656334"
"Q391237","Q204815"
"Q391237","Q56037405"
"Q391237","Q25189853"
"Q391237","Q26703063"
"Q391237","Q28018607"
"Q391237","Q29043123"
"Q391237","Q21712134"
"Q391237","Q89620738"
"Q391237","Q44749723"
"Q391237","Q47030267"
"Q391237","Q123130693"
"Q391237","Q110864219"
"Q391237","Q61904879"
"Q391237","Q50495366"
"Q391237","Q75738671"
"Q4756294","Q7328833"
"Q4756294","Q92739"
"Q4756294","Q92894"
"Q4756294","Q3571662"
"Q4756294","Q3572699"
"Q4756294","Q204815"
"Q4756294","Q92823"
"Q4756294","Q92820"
"Q4756294","Q92824"
"Q4756371","Q92844"
"Q4756371","Q93119"
"Q4757923","Q18719196"
"Q4757923","Q5214735"
"Q4757923","Q7816669"
"Q4757923","Q62901"
"Q6525804","Q7916327"
"Q6525804","Q92823"
"Q6531057","Q6832031"
"Q6531057","Q7037360"
"Q6531057","Q72740096"
"Q6687391","Q92691"
"Q6687391","Q7328227"
"Q6687391","Q5814314"
"Q6687391","Q4815998"
"Q6687391","Q92739"
"Q6687391","Q6114143"
"Q6687391","Q335027"
"Q6687391","Q770584"
"Q6687391","Q92981"
"Q6687391","Q92769"
"Q6687391","Q204815"
"Q6687391","Q2469699"
"Q6687391","Q11590"
"Q6711047","Q3571662"
"Q6711047","Q983367"
"Q6758241","Q92735"
"Q6758241","Q22278829"
"Q6758241","Q123130693"
"Q6758241","Q76448707"
"Q6759197","Q17517256"
"Q6759197","Q711172"
"Q6759197","Q15995108"
"Q6759197","Q380459"
"Q6759197","Q4966250"
"Q6759197","Q15429043"
"Q6759197","Q16118"
"Q6759197","Q10959"
"Q6759197","Q51781"
"Q433561","Q83699520"
"Q108175","Q26709023"
"Q204815","Q3022141"
"Q204815","Q92691"
"Q204815","Q7328833"
"Q204815","Q75778"
"Q204815","Q4888930"
"Q204815","Q4895807"
"Q204815","Q92735"
"Q204815","Q92733"
"Q204815","Q92739"
"Q204815","Q18631746"
"Q204815","Q335027"
"Q204815","Q822778"
"Q204815","Q16847797"
"Q204815","Q92981"
"Q204815","Q295012"
"Q204815","Q93020"
"Q204815","Q92767"
"Q204815","Q92769"
"Q204815","Q18686107"
"Q204815","Q2651957"
"Q204815","Q2846695"
"Q204815","Q92894"
"Q204815","Q22826132"
"Q204815","Q3571662"
"Q204815","Q3572699"
"Q204815","Q3656334"
"Q204815","Q391237"
"Q204815","Q4756294"
"Q204815","Q4760523"
"Q204815","Q92823"
"Q204815","Q92820"
"Q204815","Q92824"
"Q204815","Q92832"
"Q204815","Q56037405"
"Q204815","Q25189853"
"Q204815","Q26703063"
"Q204815","Q28018607"
"Q204815","Q5407117"
"Q204815","Q2090838"
"Q204815","Q29043123"
"Q204815","Q21712134"
"Q204815","Q44749723"
"Q204815","Q47030267"
"Q204815","Q123130693"
"Q204815","Q110864219"
"Q204815","Q61904879"
"Q204815","Q50495366"
"Q204815","Q75738671"
"Q7839361","Q92723"
"Q7879911","Q5981834"
"Q7879911","Q92729"
"Q7916327","Q6525804"
"Q7925676","Q3047095"
"Q8054210","Q6396777"
"Q8054210","Q5307228"
"Q8074621","Q3308285"
"Q8074621","Q3992579"
"Q8074621","Q92894"
"Q92809","Q19971558"
"Q92809","Q380459"
"Q92809","Q60215473"
"Q92823","Q7328833"
"Q92823","Q92739"
"Q92823","Q218823"
"Q92823","Q3929838"
"Q92823","Q92894"
"Q92823","Q3571662"
"Q92823","Q3572699"
"Q92823","Q4756294"
"Q92823","Q204815"
"Q92823","Q92820"
"Q92823","Q92824"
"Q92820","Q7328833"
"Q92820","Q92739"
"Q92820","Q6137041"
"Q92820","Q699605"
"Q92820","Q92894"
"Q92820","Q3571662"
"Q92820","Q3572699"
"Q92820","Q4756294"
"Q92820","Q204815"
"Q92820","Q92823"
"Q92820","Q92824"
"Q92820","Q14918223"
"Q92820","Q31557810"
"Q92826","Q335027"
"Q92826","Q204815"
"Q92826","Q971585"
"Q92824","Q7328833"
"Q92824","Q92739"
"Q92824","Q20161230"
"Q92824","Q92894"
"Q92824","Q3571662"
"Q92824","Q3572699"
"Q92824","Q3656334"
"Q92824","Q4756294"
"Q92824","Q204815"
"Q92824","Q92823"
"Q92824","Q92820"
"Q92824","Q102249956"
"Q92824","Q54988379"
"Q92824","Q76448707"
"Q92832","Q3656334"
"Q92832","Q15480023"
"Q92832","Q62901"
"Q92896","Q92699"
"Q92896","Q5486203"
"Q92896","Q687346"
"Q92896","Q62901"
"Q92897","Q5880225"
"Q92897","Q92995"
"Q92897","Q3709938"
"Q92916","Q4829472"
"Q92916","Q983367"
"Q92965","Q16151794"
"Q33122366","Q59753117"
"Q33122366","Q50346871"
"Q33125489","Q15994542"
"Q33374357","Q2846695"
"Q33374357","Q63535485"
"Q35853235","Q20111482"
"Q35853235","Q15995108"
"Q35853235","Q92965"
"Q35853235","Q7037360"
"Q35853235","Q14254"
"Q56037405","Q3022141"
"Q56037405","Q75778"
"Q56037405","Q92735"
"Q56037405","Q92733"
"Q56037405","Q92739"
"Q56037405","Q335027"
"Q56037405","Q822778"
"Q56037405","Q16847797"
"Q56037405","Q92759"
"Q56037405","Q92767"
"Q56037405","Q18686107"
"Q56037405","Q2651957"
"Q56037405","Q2846695"
"Q56037405","Q92894"
"Q56037405","Q22826132"
"Q56037405","Q3571662"
"Q56037405","Q3572699"
"Q56037405","Q391237"
"Q56037405","Q204815"
"Q56037405","Q25189853"
"Q56037405","Q26703063"
"Q56037405","Q28018607"
"Q56037405","Q29043123"
"Q56037405","Q21712134"
"Q56037405","Q44749723"
"Q56037405","Q47030267"
"Q56037405","Q123130693"
"Q56037405","Q110864219"
"Q56037405","Q61904879"
"Q56037405","Q50495366"
"Q56037405","Q75738671"
"Q56043556","Q2392290"
"Q56290263","Q93089"
"Q56580712","Q56678928"
"Q56605600","Q76448707"
"Q56678928","Q56580712"
"Q56678928","Q10959"
"Q16132585","Q3992579"
"Q16151794","Q92965"
"Q16216565","Q7816669"
"Q23664234","Q16192896"
"Q24141782","Q2846695"
"Q4470008","Q3497144"
"Q4470008","Q344775"
"Q4470008","Q611080"
"Q4662445","Q92739"
"Q4662445","Q204815"
"Q4662445","Q32828145"
"Q4706277","Q5490605"
"Q4706277","Q7473569"
"Q4706277","Q39120048"
"Q4711956","Q26924676"
"Q27733815","Q3571662"
"Q27831155","Q26924676"
"Q28016131","Q92894"
"Q12406466","Q6288679"
"Q12406466","Q704195"
"Q12406466","Q3572699"
"Q13541959","Q92739"
"Q14918223","Q92820"
"Q14918223","Q47091950"
"Q14947510","Q2090838"
"Q14948899","Q6438346"
"Q4966250","Q92826"
"Q4966250","Q4470008"
"Q4966250","Q14254"
"Q5006808","Q6133578"
"Q5006808","Q19879460"
"Q5006808","Q102112736"
"Q5111954","Q7032634"
"Q5111954","Q31735302"
"Q57242868","Q7328833"
"Q57242868","Q92894"
"Q57242868","Q3572699"
"Q5213816","Q298341"
"Q5213816","Q22826132"
"Q5220527","Q93119"
"Q5230499","Q92981"
"Q5232553","Q6759197"
"Q15429393","Q7032634"
"Q15480023","Q92832"
"Q15480023","Q5217738"
"Q15480023","Q611080"
"Q15499749","Q92767"
"Q15783490","Q6411178"
"Q6809801","Q11755"
"Q6832031","Q7328833"
"Q6832031","Q6531057"
"Q6832031","Q60215473"
"Q6833839","Q3022082"
"Q58007807","Q5307228"
"Q58007807","Q14234"
"Q58030770","Q335027"
"Q58030770","Q47000807"
"Q58173859","Q92834"
"Q559334","Q310798"
"Q611080","Q6504172"
"Q611080","Q15480023"
"Q611080","Q11757"
"Q971585","Q92809"
"Q971585","Q23881777"
"Q983367","Q4829472"
"Q983367","Q3571662"
"Q983367","Q6711047"
"Q983367","Q92916"
"Q983367","Q88240465"
"Q9324841","Q5934631"
"Q9324841","Q7816669"
"Q5234696","Q10920533"
"Q5234696","Q2392290"
"Q5234696","Q30544174"
"Q5248328","Q6135847"
"Q7610052","Q93119"
"Q7610052","Q7369266"
"Q7613510","Q310798"
"Q7613510","Q704195"
"Q7613510","Q7362250"
"Q7613510","Q92894"
"Q7613510","Q22278829"
"Q7613510","Q3572699"
"Q7613510","Q3656334"
"Q7613510","Q15429043"
"Q7613510","Q21712134"
"Q7613510","Q123130693"
"Q7613510","Q126287505"
"Q7613510","Q103335665"
"Q7613510","Q136721135"
"Q7613510","Q64769299"
"Q7613510","Q75738671"
"Q7803487","Q92834"
"Q7816669","Q9324841"
"Q7816669","Q7101544"
"Q7816669","Q62901"
"Q24698708","Q3497144"
"Q24698708","Q3572699"
"Q25189853","Q3022141"
"Q25189853","Q75778"
"Q25189853","Q92735"
"Q25189853","Q92733"
"Q25189853","Q92739"
"Q25189853","Q335027"
"Q25189853","Q822778"
"Q25189853","Q16847797"
"Q25189853","Q92767"
"Q25189853","Q18686107"
"Q25189853","Q2651957"
"Q25189853","Q2846695"
"Q25189853","Q92894"
"Q25189853","Q22826132"
"Q25189853","Q3571662"
"Q25189853","Q3572699"
"Q25189853","Q391237"
"Q25189853","Q204815"
"Q25189853","Q56037405"
"Q25189853","Q26703063"
"Q25189853","Q28018607"
"Q25189853","Q29043123"
"Q25189853","Q21712134"
"Q25189853","Q44749723"
"Q25189853","Q47030267"
"Q25189853","Q123130693"
"Q25189853","Q110864219"
"Q25189853","Q61904879"
"Q25189853","Q50495366"
"Q25189853","Q75738671"
"Q25816683","Q47000807"
"Q26702597","Q92894"
"Q26702921","Q93121823"
"Q26703063","Q3022141"
"Q26703063","Q75778"
"Q26703063","Q92735"
"Q26703063","Q92733"
"Q26703063","Q92739"
"Q26703063","Q335027"
"Q26703063","Q822778"
"Q26703063","Q16847797"
"Q26703063","Q92767"
"Q26703063","Q18686107"
"Q26703063","Q2651957"
"Q26703063","Q2846695"
"Q26703063","Q92894"
"Q26703063","Q22826132"
"Q26703063","Q3571662"
"Q26703063","Q3572699"
"Q26703063","Q391237"
"Q26703063","Q204815"
"Q26703063","Q56037405"
"Q26703063","Q25189853"
"Q26703063","Q28018607"
"Q26703063","Q29043123"
"Q26703063","Q21712134"
"Q26703063","Q44749723"
"Q26703063","Q47030267"
"Q26703063","Q123130693"
"Q26703063","Q110864219"
"Q26703063","Q61904879"
"Q26703063","Q50495366"
"Q26703063","Q75738671"
"Q26709023","Q4894234"
"Q26709023","Q983367"
"Q28018607","Q3022141"
"Q28018607","Q75778"
"Q28018607","Q92735"
"Q28018607","Q92733"
"Q28018607","Q92739"
"Q28018607","Q335027"
"Q28018607","Q822778"
"Q28018607","Q16847797"
"Q28018607","Q92767"
"Q28018607","Q18686107"
"Q28018607","Q2651957"
"Q28018607","Q2846695"
"Q28018607","Q92894"
"Q28018607","Q22826132"
"Q28018607","Q3571662"
"Q28018607","Q3572699"
"Q28018607","Q391237"
"Q28018607","Q204815"
"Q28018607","Q56037405"
"Q28018607","Q25189853"
"Q28018607","Q26703063"
"Q28018607","Q29043123"
"Q28018607","Q21712134"
"Q28018607","Q44749723"
"Q28018607","Q47030267"
"Q28018607","Q123130693"
"Q28018607","Q110864219"
"Q28018607","Q61904879"
"Q28018607","Q50495366"
"Q28018607","Q75738671"
"Q28024995","Q6411178"
"Q38244065","Q3571662"
"Q38244065","Q3572699"
"Q39120048","Q4706277"
"Q39120048","Q43562193"
"Q39154035","Q93956275"
"Q5307228","Q6135847"
"Q5307228","Q92981"
"Q5307228","Q8054210"
"Q5307228","Q5407117"
"Q5307228","Q102249956"
"Q5307654","Q711172"
"Q5307654","Q380459"
"Q5307654","Q6759197"
"Q5307654","Q5144983"
"Q5364879","Q92844"
"Q5364879","Q5386619"
"Q5386619","Q92844"
"Q5386619","Q3992579"
"Q5386619","Q5364879"
"Q5389678","Q18632706"
"Q5394208","Q6298326"
"Q5407117","Q204815"
"Q5407117","Q4470008"
"Q5407117","Q5307228"
"Q1905174","Q19664665"
"Q1905174","Q6504172"
"Q1905174","Q7039821"
"Q1905174","Q11755"
"Q1905174","Q50407565"
"Q2090838","Q18209599"
"Q2090838","Q15995373"
"Q2090838","Q204815"
"Q2090838","Q92809"
"Q2090838","Q559334"
"Q2090838","Q7816669"
"Q2392290","Q56043556"
"Q2392290","Q5234696"
"Q2392290","Q30544174"
"Q2427296","Q92759"
"Q2427296","Q22826132"
"Q2469699","Q92691"
"Q2469699","Q7328227"
"Q2469699","Q5814314"
"Q2469699","Q4815998"
"Q2469699","Q92739"
"Q2469699","Q335027"
"Q2469699","Q770584"
"Q2469699","Q92981"
"Q2469699","Q92769"
"Q2469699","Q6687391"
"Q2469699","Q971585"
"Q2469699","Q11590"
"Q59344603","Q4470008"
"Q59484402","Q33374357"
"Q59484402","Q63535485"
"Q59587250","Q83699520"
"Q59753117","Q6173703"
"Q59753117","Q298341"
"Q59753117","Q18686107"
"Q59753117","Q33122366"
"Q59753117","Q50346871"
"Q59753117","Q55433882"
"Q29022624","Q30278133"
"Q29043123","Q3022141"
"Q29043123","Q75778"
"Q29043123","Q92735"
"Q29043123","Q92733"
"Q29043123","Q92739"
"Q29043123","Q6173703"
"Q29043123","Q335027"
"Q29043123","Q822778"
"Q29043123","Q16847797"
"Q29043123","Q92767"
"Q29043123","Q18686107"
"Q29043123","Q2651957"
"Q29043123","Q2846695"
"Q29043123","Q92894"
"Q29043123","Q22826132"
"Q29043123","Q3571662"
"Q29043123","Q3572699"
"Q29043123","Q391237"
"Q29043123","Q204815"
"Q29043123","Q56037405"
"Q29043123","Q24698708"
"Q29043123","Q25189853"
"Q29043123","Q26703063"
"Q29043123","Q28018607"
"Q29043123","Q21712134"
"Q29043123","Q44749723"
"Q29043123","Q47030267"
"Q29043123","Q123130693"
"Q29043123","Q110864219"
"Q29043123","Q61904879"
"Q29043123","Q50495366"
"Q29043123","Q75738671"
"Q29180956","Q305177"
"Q29180956","Q21712134"
"Q29180956","Q113415018"
"Q7032634","Q6135847"
"Q7032634","Q5111954"
"Q7037360","Q4895807"
"Q7037360","Q6531057"
"Q7037360","Q5082169"
"Q7039821","Q6283747"
"Q7039821","Q19664665"
"Q7039821","Q6504172"
"Q7039821","Q3656334"
"Q7039821","Q1905174"
"Q7039821","Q11755"
"Q7039821","Q50407565"
"Q7099202","Q6135847"
"Q7101544","Q7816669"
"Q26924676","Q4711956"
"Q26924676","Q62901"
"Q41803891","Q4865105"
"Q41803891","Q19879460"
"Q41803891","Q15994776"
"Q29342367","Q3161201"
"Q29359053","Q19286477"
"Q29359053","Q5112374"
"Q7129217","Q92823"
"Q7129217","Q92820"
"Q7173587","Q3022141"
"Q7173587","Q92894"
"Q7173587","Q8074621"
"Q7173587","Q26702597"
"Q7173787","Q7037360"
"Q21055946","Q30544174"
"Q21684391","Q92965"
"Q21712134","Q3022141"
"Q21712134","Q75778"
"Q21712134","Q92735"
"Q21712134","Q92733"
"Q21712134","Q92739"
"Q21712134","Q335027"
"Q21712134","Q822778"
"Q21712134","Q16847797"
"Q21712134","Q704195"
"Q21712134","Q92767"
"Q21712134","Q18686107"
"Q21712134","Q2651957"
"Q21712134","Q2846695"
"Q21712134","Q7362250"
"Q21712134","Q92894"
"Q21712134","Q22278829"
"Q21712134","Q22826132"
"Q21712134","Q3571662"
"Q21712134","Q3572699"
"Q21712134","Q3656334"
"Q21712134","Q391237"
"Q21712134","Q204815"
"Q21712134","Q56037405"
"Q21712134","Q7613510"
"Q21712134","Q25189853"
"Q21712134","Q26703063"
"Q21712134","Q28018607"
"Q21712134","Q29043123"
"Q21712134","Q116706551"
"Q21712134","Q44749723"
"Q21712134","Q47030267"
"Q21712134","Q123130693"
"Q21712134","Q123478068"
"Q21712134","Q110864219"
"Q21712134","Q126287505"
"Q21712134","Q61904879"
"Q21712134","Q103335665"
"Q21712134","Q50495366"
"Q21712134","Q136721135"
"Q21712134","Q64769299"
"Q21712134","Q75738671"
"Q59800146","Q11755"
"Q59800146","Q62901"
"Q60177418","Q4829472"
"Q60191593","Q3308285"
"Q60215473","Q92809"
"Q60735386","Q6387625"
"Q7174849","Q92798"
"Q7174849","Q5345652"
"Q89620738","Q3022141"
"Q89620738","Q92894"
"Q89620738","Q391237"
"Q29918552","Q92735"
"Q30278133","Q29022624"
"Q113084571","Q6375450"
"Q113084571","Q55433882"
"Q113415018","Q8074621"
"Q116706551","Q704195"
"Q116706551","Q7362250"
"Q116706551","Q92894"
"Q116706551","Q22278829"
"Q116706551","Q3572699"
"Q116706551","Q3656334"
"Q116706551","Q7613510"
"Q116706551","Q29180956"
"Q116706551","Q21712134"
"Q116706551","Q123130693"
"Q116706551","Q123478068"
"Q116706551","Q126287505"
"Q116706551","Q103335665"
"Q116706551","Q136721135"
"Q116706551","Q64769299"
"Q116706551","Q75738671"
"Q119721378","Q103335665"
"Q102229135","Q92699"
"Q102229135","Q19879460"
"Q102249956","Q92824"
"Q102302650","Q89269550"
"Q102302650","Q43562193"
"Q102308006","Q103335665"
"Q102308006","Q64769299"
"Q102348868","Q102119353"
"Q102413869","Q110407022"
"Q30289457","Q344775"
"Q30325390","Q92894"
"Q30325390","Q56678928"
"Q30338957","Q30095223"
"Q30544174","Q5234696"
"Q30544174","Q2392290"
"Q30544174","Q21055946"
"Q30594367","Q3308285"
"Q30594367","Q92894"
"Q30594367","Q7173587"
"Q31557810","Q6137041"
"Q31557810","Q92820"
"Q31735302","Q3022141"
"Q31735302","Q5111954"
"Q32828145","Q93119"
"Q32828145","Q4706277"
"Q43387575","Q2846695"
"Q44585452","Q3308285"
"Q44585452","Q3017519"
"Q44585452","Q92894"
"Q44651389","Q4894234"
"Q44651389","Q3571662"
"Q44651389","Q3572699"
"Q44651389","Q6711047"
"Q44651389","Q92916"
"Q44651389","Q983367"
"Q44741969","Q62901"
"Q44749723","Q3022141"
"Q44749723","Q75778"
"Q44749723","Q92735"
"Q44749723","Q92733"
"Q44749723","Q92739"
"Q44749723","Q335027"
"Q44749723","Q822778"
"Q44749723","Q16847797"
"Q44749723","Q92767"
"Q44749723","Q18686107"
"Q44749723","Q2651957"
"Q44749723","Q2846695"
"Q44749723","Q92894"
"Q44749723","Q22826132"
"Q44749723","Q3571662"
"Q44749723","Q3572699"
"Q44749723","Q391237"
"Q44749723","Q204815"
"Q44749723","Q56037405"
"Q44749723","Q25189853"
"Q44749723","Q26703063"
"Q44749723","Q28018607"
"Q44749723","Q29043123"
"Q44749723","Q21712134"
"Q44749723","Q47030267"
"Q44749723","Q123130693"
"Q44749723","Q110864219"
"Q44749723","Q61904879"
"Q44749723","Q50495366"
"Q44749723","Q75738671"
"Q45894406","Q63080922"
"Q46351067","Q4678847"
"Q47030267","Q3022141"
"Q47030267","Q75778"
"Q47030267","Q92735"
"Q47030267","Q92733"
"Q47030267","Q92739"
"Q47030267","Q6173703"
"Q47030267","Q335027"
"Q47030267","Q822778"
"Q47030267","Q16847797"
"Q47030267","Q92767"
"Q47030267","Q18686107"
"Q47030267","Q2651957"
"Q47030267","Q2846695"
"Q47030267","Q92894"
"Q47030267","Q22826132"
"Q47030267","Q3571662"
"Q47030267","Q3572699"
"Q47030267","Q391237"
"Q47030267","Q204815"
"Q47030267","Q56037405"
"Q47030267","Q25189853"
"Q47030267","Q26703063"
"Q47030267","Q28018607"
"Q47030267","Q29043123"
"Q47030267","Q21712134"
"Q47030267","Q44749723"
"Q47030267","Q123130693"
"Q47030267","Q110864219"
"Q47030267","Q61904879"
"Q47030267","Q50495366"
"Q47030267","Q75738671"
"Q47091950","Q14918223"
"Q47670911","Q92844"
"Q47670911","Q3566428"
"Q47670911","Q6411178"
"Q49493676","Q14254"
"Q50346871","Q59753117"
"Q54988379","Q92981"
"Q55433882","Q6375450"
"Q55902542","Q5880225"
"Q55902542","Q6396777"
"Q123130693","Q3022141"
"Q123130693","Q75778"
"Q123130693","Q92735"
"Q123130693","Q92733"
"Q123130693","Q92739"
"Q123130693","Q335027"
"Q123130693","Q822778"
"Q123130693","Q16847797"
"Q123130693","Q704195"
"Q123130693","Q92767"
"Q123130693","Q18686107"
"Q123130693","Q2651957"
"Q123130693","Q2846695"
"Q123130693","Q7362250"
"Q123130693","Q92894"
"Q123130693","Q22278829"
"Q123130693","Q22826132"
"Q123130693","Q3571662"
"Q123130693","Q3572699"
"Q123130693","Q3656334"
"Q123130693","Q391237"
"Q123130693","Q6758241"
"Q123130693","Q204815"
"Q123130693","Q56037405"
"Q123130693","Q7613510"
"Q123130693","Q25189853"
"Q123130693","Q26703063"
"Q123130693","Q28018607"
"Q123130693","Q29043123"
"Q123130693","Q21712134"
"Q123130693","Q44749723"
"Q123130693","Q47030267"
"Q123130693","Q110864219"
"Q123130693","Q126287505"
"Q123130693","Q61904879"
"Q123130693","Q103335665"
"Q123130693","Q50495366"
"Q123130693","Q136721135"
"Q123130693","Q64769299"
"Q123130693","Q75738671"
"Q123478068","Q21712134"
"Q123478068","Q116706551"
"Q123478068","Q103335665"
"Q123642993","Q130469388"
"Q124071336","Q3022141"
"Q124071336","Q75778"
"Q124071336","Q92735"
"Q124071336","Q92733"
"Q124071336","Q92739"
"Q124071336","Q335027"
"Q124071336","Q822778"
"Q124071336","Q16847797"
"Q124071336","Q92767"
"Q124071336","Q18686107"
"Q124071336","Q2651957"
"Q124071336","Q2846695"
"Q124071336","Q92894"
"Q124071336","Q22826132"
"Q124071336","Q3571662"
"Q124071336","Q3572699"
"Q124071336","Q391237"
"Q124071336","Q204815"
"Q124071336","Q56037405"
"Q124071336","Q25189853"
"Q124071336","Q26703063"
"Q124071336","Q28018607"
"Q124071336","Q29043123"
"Q124071336","Q21712134"
"Q124071336","Q44749723"
"Q124071336","Q47030267"
"Q124071336","Q123130693"
"Q124071336","Q110864219"
"Q124071336","Q61904879"
"Q124071336","Q50495366"
"Q124071336","Q75738671"
"Q124748105","Q93119"
"Q109946365","Q3161201"
"Q110407022","Q7175401"
"Q110407022","Q102413869"
"Q110407022","Q102078476"
"Q110864219","Q3022141"
"Q110864219","Q75778"
"Q110864219","Q92735"
"Q110864219","Q92733"
"Q110864219","Q92739"
"Q110864219","Q335027"
"Q110864219","Q822778"
"Q110864219","Q16847797"
"Q110864219","Q92767"
"Q110864219","Q18686107"
"Q110864219","Q2651957"
"Q110864219","Q2846695"
"Q110864219","Q92894"
"Q110864219","Q22826132"
"Q110864219","Q3571662"
"Q110864219","Q3572699"
"Q110864219","Q391237"
"Q110864219","Q204815"
"Q110864219","Q56037405"
"Q110864219","Q25189853"
"Q110864219","Q26703063"
"Q110864219","Q28018607"
"Q110864219","Q29043123"
"Q110864219","Q21712134"
"Q110864219","Q44749723"
"Q110864219","Q47030267"
"Q110864219","Q123130693"
"Q110864219","Q61904879"
"Q110864219","Q50495366"
"Q110864219","Q75738671"
"Q126287505","Q92894"
"Q126287512","Q92894"
"Q126287512","Q3572699"
"Q126287512","Q103335665"
"Q130369935","Q24004971"
"Q130369935","Q14109"
"Q130469388","Q704195"
"Q130469388","Q92894"
"Q130469388","Q3656334"
"Q131735900","Q21712134"
"Q131735900","Q123130693"
"Q61904879","Q3022141"
"Q61904879","Q75778"
"Q61904879","Q92735"
"Q61904879","Q92733"
"Q61904879","Q92739"
"Q61904879","Q335027"
"Q61904879","Q822778"
"Q61904879","Q16847797"
"Q61904879","Q92767"
"Q61904879","Q18686107"
"Q61904879","Q2651957"
"Q61904879","Q2846695"
"Q61904879","Q92894"
"Q61904879","Q22826132"
"Q61904879","Q3571662"
"Q61904879","Q3572699"
"Q61904879","Q391237"
"Q61904879","Q204815"
"Q61904879","Q56037405"
"Q61904879","Q25189853"
"Q61904879","Q26703063"
"Q61904879","Q28018607"
"Q61904879","Q29043123"
"Q61904879","Q21712134"
"Q61904879","Q44749723"
"Q61904879","Q47030267"
"Q61904879","Q123130693"
"Q61904879","Q110864219"
"Q61904879","Q50495366"
"Q61904879","Q75738671"
"Q63080922","Q45894406"
"Q89662566","Q59828288"
"Q93121823","Q3022141"
"Q93121823","Q92894"
"Q93121823","Q3656334"
"Q93121823","Q26702921"
"Q103335665","Q3022141"
"Q103335665","Q218823"
"Q103335665","Q305177"
"Q103335665","Q18686107"
"Q103335665","Q119721378"
"Q105873378","Q29472893"
"Q106629101","Q15995108"
"Q106629101","Q92965"
"Q108397241","Q5248328"
"Q108397241","Q5307228"
"Q108397241","Q7099202"
"Q108397241","Q64819738"
"Q108397241","Q51781"
"Q108430471","Q7351848"
"Q11755","Q6283747"
"Q11755","Q16591761"
"Q11755","Q19664665"
"Q11755","Q19971558"
"Q11755","Q15995094"
"Q11755","Q6504172"
"Q11755","Q2846695"
"Q11755","Q3656334"
"Q11755","Q6809801"
"Q11755","Q1905174"
"Q11755","Q7039821"
"Q11755","Q59800146"
"Q11755","Q50407565"
"Q11757","Q51781"
"Q14109","Q4662445"
"Q14234","Q15995108"
"Q14254","Q4966250"
"Q16118","Q4811519"
"Q16118","Q19364605"
"Q16118","Q3656334"
"Q50407565","Q19664665"
"Q50407565","Q6504172"
"Q50407565","Q1905174"
"Q50407565","Q7039821"
"Q50407565","Q11755"
"Q50413465","Q26709023"
"Q50495366","Q3022141"
"Q50495366","Q75778"
"Q50495366","Q92735"
"Q50495366","Q92733"
"Q50495366","Q92739"
"Q50495366","Q335027"
"Q50495366","Q822778"
"Q50495366","Q16847797"
"Q50495366","Q92767"
"Q50495366","Q18686107"
"Q50495366","Q2651957"
"Q50495366","Q2846695"
"Q50495366","Q92894"
"Q50495366","Q22826132"
"Q50495366","Q3571662"
"Q50495366","Q3572699"
"Q50495366","Q391237"
"Q50495366","Q204815"
"Q50495366","Q56037405"
"Q50495366","Q25189853"
"Q50495366","Q26703063"
"Q50495366","Q28018607"
"Q50495366","Q29043123"
"Q50495366","Q21712134"
"Q50495366","Q44749723"
"Q50495366","Q47030267"
"Q50495366","Q123130693"
"Q50495366","Q110864219"
"Q50495366","Q61904879"
"Q50495366","Q75738671"
"Q51035916","Q3022141"
"Q51035916","Q15994398"
"Q51035916","Q7173587"
"Q51035916","Q21712134"
"Q52174287","Q5248328"
"Q52174287","Q50286281"
"Q52555649","Q17517312"
"Q52555649","Q6203258"
"Q136259819","Q4707964"
"Q136721135","Q704195"
"Q136721135","Q7362250"
"Q136721135","Q92894"
"Q136721135","Q22278829"
"Q136721135","Q3572699"
"Q136721135","Q3656334"
"Q136721135","Q7613510"
"Q136721135","Q21712134"
"Q136721135","Q123130693"
"Q136721135","Q126287505"
"Q136721135","Q103335665"
"Q136721135","Q64769299"
"Q136721135","Q75738671"
"Q137917356","Q138241552"
"Q137924561","Q76448707"
"Q10959","Q92739"
"Q11590","Q92739"
"Q11590","Q6687391"
"Q63535485","Q33374357"
"Q63535485","Q56678928"
"Q63535485","Q26703063"
"Q63535485","Q59484402"
"Q63699901","Q22826132"
"Q64009147","Q7173587"
"Q64144986","Q94960976"
"Q64415919","Q15994542"
"Q64769299","Q704195"
"Q64769299","Q7362250"
"Q64769299","Q92894"
"Q64769299","Q22278829"
"Q64769299","Q3572699"
"Q64769299","Q3656334"
"Q64769299","Q7613510"
"Q64769299","Q21712134"
"Q64769299","Q123130693"
"Q64769299","Q126287505"
"Q64769299","Q103335665"
"Q64769299","Q136721135"
"Q64769299","Q75738671"
"Q64819738","Q7299101"
"Q138648169","Q131847088"
"Q138648169","Q64144986"
"Q141395021","Q3022141"
"Q141395021","Q305177"
"Q141395021","Q704195"
"Q141395021","Q224372"
"Q141395021","Q19971558"
"Q141395021","Q2846695"
"Q141395021","Q7362250"
"Q141395021","Q92894"
"Q141395021","Q22278829"
"Q141395021","Q3571662"
"Q141395021","Q3572699"
"Q141395021","Q3656334"
"Q141395021","Q204815"
"Q141395021","Q92832"
"Q141395021","Q33122366"
"Q141395021","Q7613510"
"Q141395021","Q59753117"
"Q141395021","Q7101544"
"Q141395021","Q21712134"
"Q141395021","Q50346871"
"Q141395021","Q123130693"
"Q141395021","Q126287505"
"Q141395021","Q103335665"
"Q141395021","Q136721135"
"Q141395021","Q64769299"
"Q141395021","Q75738671"
"Q51781","Q11757"
"Q62901","Q92699"
"Q62901","Q5486203"
"Q62901","Q4811519"
"Q62901","Q687346"
"Q62901","Q92896"
"Q62901","Q7816669"
"Q62901","Q44741969"
"Q67220557","Q3348133"
"Q67220557","Q8074621"
"Q72740096","Q92716"
"Q72740096","Q6531057"
"Q75738671","Q3022141"
"Q75738671","Q75778"
"Q75738671","Q92735"
"Q75738671","Q92733"
"Q75738671","Q92739"
"Q75738671","Q335027"
"Q75738671","Q822778"
"Q75738671","Q16847797"
"Q75738671","Q704195"
"Q75738671","Q92767"
"Q75738671","Q18686107"
"Q75738671","Q2651957"
"Q75738671","Q2846695"
"Q75738671","Q7362250"
"Q75738671","Q92894"
"Q75738671","Q22278829"
"Q75738671","Q22826132"
"Q75738671","Q3571662"
"Q75738671","Q3572699"
"Q75738671","Q3656334"
"Q75738671","Q391237"
"Q75738671","Q204815"
"Q75738671","Q56037405"
"Q75738671","Q7613510"
"Q75738671","Q25189853"
"Q75738671","Q26703063"
"Q75738671","Q28018607"
"Q75738671","Q29043123"
"Q75738671","Q21712134"
"Q75738671","Q44749723"
"Q75738671","Q47030267"
"Q75738671","Q123130693"
"Q75738671","Q110864219"
"Q75738671","Q126287505"
"Q75738671","Q61904879"
"Q75738671","Q103335665"
"Q75738671","Q50495366"
"Q75738671","Q136721135"
"Q75738671","Q64769299"
"Q76434485","Q18686107"
"Q76448707","Q29167831"
"Q79083553","Q6181501"
"Q80362266","Q3709938"
"Q80556098","Q16728975"
"Q81469246","Q1900440"
"Q93953875","Q5217738"
"Q93953875","Q93953866"
"Q93953917","Q1900440"
"Q93953929","Q5217738"
"Q94960976","Q64144986"
"Q98785095","Q3017519"
"Q98785095","Q3571662"
"Q102078476","Q110407022"
"Q102112736","Q5006808"
"Q102119353","Q102348868"
